﻿{"cameraMode":{"drawMode":2,"name":"Shaded Wireframe","section":"Shading Mode"},"sceneLighting":true,"audioPlay":false,"sceneViewState":{"showFog":true,"showMaterialUpdate":false,"showSkybox":true,"showFlares":true,"showImageEffects":true,"showParticleSystems":true},"in2DMode":false,"pivot":{"x":-2.2152647972106935,"y":2.8506276607513429,"z":-3.0984935760498049},"rotation":{"x":-0.17930495738983155,"y":0.017712783068418504,"z":-0.0032288385555148126,"w":-0.9836287498474121},"size":10.317015647888184,"orthographic":false}