﻿{"cameraMode":{"drawMode":0,"name":"Shaded","section":"Shading Mode"},"sceneLighting":true,"audioPlay":false,"sceneViewState":{"showFog":true,"showMaterialUpdate":true,"showSkybox":true,"showFlares":true,"showImageEffects":true,"showParticleSystems":true},"in2DMode":false,"pivot":{"x":20.145931243896486,"y":5.890257835388184,"z":-1.4943804740905762},"rotation":{"x":-0.14503192901611329,"y":0.7595559358596802,"z":-0.18130525946617127,"w":-0.607592761516571},"size":2.8578836917877199,"orthographic":false}